titre,prenom,nom
M.,Ruben,Legrand
M.,Jordan,Philippe
Ms,Loane,Adam
M.,Ezio,Rey
M.,Alex,Rey
Mme,Eline,Riviere
M.,Alexis,Lemaire
Mme,Inaya,Durand
Ms,Clémence,Giraud
M.,Alexandre,Petit
Mme,Albane,Gonzalez
M.,Théo,Martinez
Mme,Nora,Leclerc
Ms,Tess,Guerin
Ms,Emilie,Da Silva
M.,Emile,Dubois
Mlle,Alice,Robert
M.,Milan,Pierre
Ms,Marilou,Lefebvre
Ms,Emilie,Roy
Mlle,Norah,Da Silva
Mme,Mélina,Rolland
Mlle,Norah,Leclercq
Mme,Lisa,Bernard
M.,Théo,Mathieu
M.,Matéo,Adam
Ms,Anaïs,Barbier
Mlle,Gabrielle,Francois
Mlle,Gabrielle,Faure
Mlle,Chloé,Guillot
M.,Luka,Mathieu
Mlle,Lya,Rousseau
M.,Côme,Colin
M.,Sasha,Schmitt
M.,Alexis,Bernard
M.,Gabriel,Rolland
Ms,Amélie,Rodriguez
M.,Julien,Bourgeois
Mlle,Eléa,Noel
Mme,Sarah,Menard
Mme,Inès,Fournier
M.,Roméo,Fleury
M.,Hugo,Girard
M.,Côme,Gauthier
M.,Eliot,Gerard
Mme,Amandine,Fabre
Mme,Marine,Michel
Mlle,Eléa,Bonnet
Mme,Lena,Roussel
Mlle,Ava,Bertrand
M.,Lorenzo,Renaud
Mme,Soline,Menard
M.,Damien,Meunier
M.,Morgan,Lemaire
Mlle,Alyssa,Laurent
Mlle,Elise,Duval
Mme,Eléonore,Henry
M.,Sasha,Perez
M.,Théodore,Riviere
M.,Evan,Leclercq
Mlle,Anaëlle,Sanchez
M.,Soren,Dumont
M.,Benjamin,Guillaume
M.,Ethan,Olivier
M.,Alexandre,Michel
Mme,Charline,Picard
Mme,Séléna,Philippe
M.,Noah,Perrin
M.,Joris,Guillaume
M.,Julian,Guillot
M.,Lino,Philippe
M.,Yanis,Chevalier
M.,Mathis,Rodriguez
Ms,Lisa,Mercier
Mme,Leana,Bertrand
M.,Malo,Legrand
Mme,Noemie,Girard
M.,Liam,Marie
M.,Ilyès,Guerin
M.,Marius,Lefebvre
Ms,Ninon,Deschamps
M.,Damien,Roux
Mme,Romy,Barbier
M.,Noa,Henry
M.,Paul,Gaillard
Ms,Marion,Bernard
Mme,Aurore,Masson
M.,Logan,Fleury
Mlle,Livia,Duval
M.,Livio,Nguyen
Mme,Ninon,Perez
Mlle,Gabrielle,Lemoine
M.,Elio,Faure
M.,Lohan,Guerin
M.,Tim,Rodriguez
M.,Gaspard,David
Mme,Juliette,Roux
Mme,Noemie,Martin
Mlle,Margot,Rolland
M.,Martin,Blanchard
